<?xml version="1.0" encoding="utf-8"?>
<odoo>

    <data noupdate="1">

        <record id="variable_health" model="hr.payroll.discount.variable">
            <field name="name">SALUD</field>
        </record>

        <record id="variable_pension" model="hr.payroll.discount.variable">
            <field name="name">PENSIÓN</field>
        </record>

        <record id="variable_pen_solidarity_fund" model="hr.payroll.discount.variable">
            <field name="name">FONDO DE SOLIDARIDAD</field>
        </record>

        <record id="variable_retention_at_source" model="hr.payroll.discount.variable">
            <field name="name">RETENCION EN LA FUENTE</field>
        </record>

        <record id="variable_commissions" model="hr.payroll.discount.variable">
            <field name="name">COMISIONES</field>
        </record>

        <record id="variable_overtime" model="hr.payroll.discount.variable">
            <field name="name">HORAS EXTRAS</field>
        </record>

    </data>

    <odoo>
        <data noupdate="1">
            <!-- Sequence Debt Capacity -->
            <record id="sequence_self_service" model="ir.sequence">
                <field name="name">Debt Capacity</field>
                <field name="code">debt.capacity</field>
                <field name="active">TRUE</field>
                <field name="padding">6</field>
                <field name="number_next">1</field>
                <field name="number_increment">1</field>
            </record>


        </data>
    </odoo>


</odoo>