<?xml version="1.0"?>
<!-- Copyright 2020-TODAY Miguel Pardo <ing.miguel.pardo@gmail.com>
     License AGPL-3.0 or later (http://www.gnu.org/licenses/agpl.html). -->
<odoo>

    <record id="ir_rule_hr_pv_multi_company" model="ir.rule">
        <field name="name">HR Payroll Variations: Multi Company</field>
        <field name="model_id" ref="model_hr_pv"/>
        <field name="global" eval="True"/>
        <field name="domain_force">['|', ('company_id', '=', False), ('company_id', 'in', company_ids)]</field>
    </record>

    <record id="ir_rule_hr_pv_event_multi_company" model="ir.rule">
        <field name="name">HR Payroll Variations Events: Multi Company</field>
        <field name="model_id" ref="model_hr_pv_event"/>
        <field name="global" eval="True"/>
        <field name="domain_force">['|', ('company_id', '=', False), ('company_id', 'in', company_ids)]</field>
    </record>

    <record id="pv_rule_manager" model="ir.rule">
        <field name="name">pv rule Employee Manager</field>
        <field name="model_id" ref="model_hr_pv"/>
        <field name="groups" eval="[(6, 0, [ref('base.group_user')])]"/>
        <field name="domain_force">[(1, '=', 1)]</field>
        <field name="perm_write" eval="1"/>
        <field name="perm_create" eval="1"/>
        <field name="perm_read" eval="1"/>
        <field name="perm_unlink" eval="1"/>
        <field name="groups" eval="[(4, ref('hr.group_hr_manager'))]"/>
    </record>

    <record id="pv_create_rule" model="ir.rule">
        <field name="name">pv create rule</field>
        <field name="model_id" ref="model_hr_pv"/>
        <field name="domain_force">['|', ('event_id.group_ids', 'in', user.groups_id.ids),
                                    ('event_id.group_ids', '=', False)]</field>
        <field name="perm_read" eval="False"/>
        <field name="perm_write" eval="False"/>
        <field name="perm_unlink" eval="False"/>
    </record>

    <record id="group_pv_event" model="res.groups">
        <field name="name">pv Event</field>
    </record>

    <record id="group_pv_process" model="res.groups">
        <field name="name">pv Process</field>
    </record>

    <record id="group_pv_reject_to_draft" model="res.groups">
        <field name="name">pv Reject to Draft</field>
    </record>

</odoo>
