<?xml version="1.0"?>
<!-- Copyright 2020-TODAY Miguel Pardo <ing.miguel.pardo@gmail.com>
     License AGPL-3.0 or later (http://www.gnu.org/licenses/agpl.html). -->
<odoo>

    <record id="pv_rule_jd" model="ir.rule">
        <field name="name">pv rule employee</field>
        <field name="model_id" ref="model_hr_pv"/>
        <field name="groups" eval="[(6, 0, [ref('base.group_user')])]"/>
        <field name="domain_force">['|', '|', '|', ('employee_id', '=', False),
                                    ('employee_id.parent_id.user_id', '=', user.id),
                                    ('employee_id.user_id', '=', user.id),
                                    ('responsible_id.user_id', '=', user.id)]</field>
        <field name="perm_write" eval="False"/>
        <field name="perm_create" eval="False"/>
        <field name="perm_unlink" eval="False"/>
    </record>

    <record id="pv_create_rule" model="ir.rule">
        <field name="name">pv create rule</field>
        <field name="model_id" ref="model_hr_pv"/>
        <field name="domain_force">['|', ('event_id.group_ids', 'in', user.groups_id.ids),
                                    ('event_id.group_ids', '=', False)]</field>
        <field name="perm_read" eval="False"/>
        <field name="perm_write" eval="False"/>
        <field name="perm_unlink" eval="False"/>
    </record>

</odoo>
