<?xml version="1.0" encoding="utf-8"?>
<odoo>

    <record id="check_deduction_type_state" model="ir.cron">
        <field name="name">Check End Date</field>
        <field name="model_id" ref="model_hr_deduction_type_rf"/>
        <field name="state">code</field>
        <field name="code">model._check_state()</field>
        <field name='interval_number'>1</field>
        <field name='interval_type'>days</field>
        <field name="numbercall">-1</field>
        <field name="nextcall" eval="(DateTime.now() + timedelta(days=2)).strftime('%Y-%m-%d 00:00:00')"/>
    </record>

    <record id="check_date_end_hr_deductions_rf_employee" model="ir.cron">
        <field name="name">Check Date End Hr Deductions Rf Employee</field>
        <field name="model_id" ref="model_hr_deductions_rf_employee"/>
        <field name="state">code</field>
        <field name="code">model._check_state()</field>
        <field name='interval_number'>1</field>
        <field name='interval_type'>days</field>
        <field name="numbercall">-1</field>
        <field name="nextcall" eval="(DateTime.now() + timedelta(days=2)).strftime('%Y-%m-%d 00:00:00')"/>
    </record>

</odoo>
