<?xml version="1.0" encoding="utf-8"?>
<!-- Copyright 2020-TODAY Miguel Pardo <ing.miguel.pardo@gmail.com>
     License AGPL-3.0 or later (http://www.gnu.org/licenses/agpl.html). -->
<odoo>

    <data noupdate="1">
        <record id="resource_calendar_std_full" model="resource.calendar">
            <field name="name">Standard Full</field>
            <field name="company_id" ref="base.main_company"/>
            <field name="hours_per_day">24</field>
            <field name="hours_per_week">60</field>
            <field name="attendance_ids"
                   eval="[
                (0, 0, {'name': 'Monday Morning', 'dayofweek': '0', 'hour_from': 8, 'hour_to': 12, 'day_period': 'morning'}),
                (0, 0, {'name': 'Monday Evening', 'dayofweek': '0', 'hour_from': 12, 'hour_to': 18, 'day_period': 'afternoon'}),
                (0, 0, {'name': 'Tuesday Morning', 'dayofweek': '1', 'hour_from': 8, 'hour_to': 12, 'day_period': 'morning'}),
                (0, 0, {'name': 'Tuesday Evening', 'dayofweek': '1', 'hour_from': 12, 'hour_to': 18, 'day_period': 'afternoon'}),
                (0, 0, {'name': 'Wednesday Morning', 'dayofweek': '2', 'hour_from': 8, 'hour_to': 12, 'day_period': 'morning'}),
                (0, 0, {'name': 'Wednesday Evening', 'dayofweek': '2', 'hour_from': 12, 'hour_to': 18, 'day_period': 'afternoon'}),
                (0, 0, {'name': 'Thursday Morning', 'dayofweek': '3', 'hour_from': 8, 'hour_to': 12, 'day_period': 'morning'}),
                (0, 0, {'name': 'Thursday Evening', 'dayofweek': '3', 'hour_from': 12, 'hour_to': 18, 'day_period': 'afternoon'}),
                (0, 0, {'name': 'Friday Morning', 'dayofweek': '4', 'hour_from': 8, 'hour_to': 12, 'day_period': 'morning'}),
                (0, 0, {'name': 'Friday Evening', 'dayofweek': '4', 'hour_from': 12, 'hour_to': 18, 'day_period': 'afternoon'}),
                (0, 0, {'name': 'Saturday Morning', 'dayofweek': '5', 'hour_from': 8, 'hour_to': 12, 'day_period': 'morning'}),
                (0, 0, {'name': 'Saturday Evening', 'dayofweek': '5', 'hour_from': 12, 'hour_to': 18, 'day_period': 'afternoon'}),
                (0, 0, {'name': 'Sunday Morning', 'dayofweek': '6', 'hour_from': 8, 'hour_to': 12, 'day_period': 'morning'}),
                (0, 0, {'name': 'Sunday Evening', 'dayofweek': '6', 'hour_from': 12, 'hour_to': 18, 'day_period': 'afternoon'}),
            ]"
            />
        </record>
    </data>

</odoo>
