<?xml version="1.0" encoding="utf-8"?>
<!-- Copyright 2020-TODAY Miguel Pardo <ing.miguel.pardo@gmail.com>
     License AGPL-3.0 or later (http://www.gnu.org/licenses/agpl.html). -->
<odoo>
    <data noupdate="1">

        <record id="pv_type_TIE" model="hr.pv.type">
            <field name="name">Tiempo</field>
        </record>
        <record id="pv_type_ECO" model="hr.pv.type">
            <field name="name">Económica</field>
        </record>
        <record id="pv_type_PRO" model="hr.pv.type">
            <field name="name">Procedimiento</field>
        </record>

    </data>
</odoo>