<?xml version="1.0" encoding="utf-8"?>
<!-- Copyright 2020-TODAY Miguel Pardo <ing.miguel.pardo@gmail.com>
     License AGPL-3.0 or later (http://www.gnu.org/licenses/agpl.html). -->
<odoo>

    <record id="withdrawal_reason_voluntario"
            model="hr.contract.completion.withdrawal_reason">
        <field name="name">Voluntario</field>
    </record>

    <record id="withdrawal_reason_involuntario"
            model="hr.contract.completion.withdrawal_reason">
        <field name="name">Involuntario</field>
    </record>

</odoo>
